[{"id":"1","emailsetting_id":null,"emailsetting":null,"name":"Contact form","submit_button_name":"Submit Button","form_layout":"stacked","custom_form_layout_path":"","recieve_email":"0","recipient_email":"","auto_reply":"0","email_subject":"","message_body":"","created_at":"2017-11-17 12:19:33","created_by_id":"144368","type":"Custom_Form","status":"Active","is_create_lead":"0","is_associate_lead":"0","lead_category_ids":"","formfields":[{"id":"1","custom_form_id":"1","custom_form":"Contact form","name":"Email","type":"email","value":"","is_mandatory":"1","hint":"","placeholder":"your e-mail","auto_reply":"0","save_into_field_of_lead":null},{"id":"2","custom_form_id":"1","custom_form":"Contact form","name":"Name","type":"line","value":"","is_mandatory":"1","hint":"","placeholder":"your name","auto_reply":"0","save_into_field_of_lead":null},{"id":"3","custom_form_id":"1","custom_form":"Contact form","name":"Subject","type":"line","value":"","is_mandatory":"0","hint":"","placeholder":"subject","auto_reply":"0","save_into_field_of_lead":null},{"id":"4","custom_form_id":"1","custom_form":"Contact form","name":"Your Message","type":"text","value":"","is_mandatory":"1","hint":"","placeholder":"your message","auto_reply":"0","save_into_field_of_lead":null}]}]