[{"id":"1","template_id":null,"template":null,"parent_page_id":null,"parent_page":null,"created_by_id":"144368","created_by":"Super User","name":"Default","path":"default.html","page_title":null,"meta_kewords":null,"meta_description":null,"after_body_code":null,"is_template":"1","is_muted":null,"is_active":"1"},{"id":"2","template_id":"1","template":"Default","parent_page_id":null,"parent_page":null,"created_by_id":"144368","created_by":"Super User","name":"Home","path":"index.html","page_title":"","meta_kewords":"","meta_description":"","after_body_code":"","is_template":"0","is_muted":"0","is_active":"1"},{"id":"3","template_id":"1","template":"Default","parent_page_id":null,"parent_page":null,"created_by_id":"144368","created_by":"Super User","name":"Products","path":"products.html","page_title":"","meta_kewords":"","meta_description":"","after_body_code":"","is_template":"0","is_muted":"0","is_active":"1"},{"id":"4","template_id":"1","template":"Default","parent_page_id":null,"parent_page":null,"created_by_id":"144368","created_by":"Super User","name":"Services","path":"service.html","page_title":"","meta_kewords":"","meta_description":"","after_body_code":"","is_template":"0","is_muted":"0","is_active":"1"},{"id":"5","template_id":"1","template":"Default","parent_page_id":"4","parent_page":"Services","created_by_id":"144368","created_by":"Super User","name":"Service1","path":"service1.html","page_title":"","meta_kewords":"","meta_description":"","after_body_code":"","is_template":"0","is_muted":"0","is_active":"1"},{"id":"6","template_id":"1","template":"Default","parent_page_id":"4","parent_page":"Services","created_by_id":"144368","created_by":"Super User","name":"Service2","path":"service2.html","page_title":"","meta_kewords":"","meta_description":"","after_body_code":"","is_template":"0","is_muted":"0","is_active":"1"},{"id":"7","template_id":"1","template":"Default","parent_page_id":"5","parent_page":"Service1","created_by_id":"144368","created_by":"Super User","name":"Service1A","path":"service1a.html","page_title":"","meta_kewords":"","meta_description":"","after_body_code":"","is_template":"0","is_muted":"0","is_active":"1"},{"id":"8","template_id":"1","template":"Default","parent_page_id":"5","parent_page":"Service1","created_by_id":"144368","created_by":"Super User","name":"Service1B","path":"service1b.html","page_title":"","meta_kewords":"","meta_description":"","after_body_code":"","is_template":"0","is_muted":"0","is_active":"1"},{"id":"9","template_id":"1","template":"Default","parent_page_id":null,"parent_page":null,"created_by_id":"144368","created_by":"Super User","name":"About","path":"about.html","page_title":"","meta_kewords":"","meta_description":"","after_body_code":"","is_template":"0","is_muted":"0","is_active":"1"},{"id":"10","template_id":"1","template":"Default","parent_page_id":null,"parent_page":null,"created_by_id":"144368","created_by":"Super User","name":"Gallery","path":"gallery.html","page_title":"","meta_kewords":"","meta_description":"","after_body_code":"","is_template":"0","is_muted":"0","is_active":"1"},{"id":"11","template_id":"1","template":"Default","parent_page_id":null,"parent_page":null,"created_by_id":"144368","created_by":"Super User","name":"Contact","path":"contact.html","page_title":"","meta_kewords":"","meta_description":"","after_body_code":"","is_template":"0","is_muted":"0","is_active":"1"}]