[{"id":"1","emailsetting_id":null,"emailsetting":null,"name":"Contact Form","submit_button_name":"Send Message","form_layout":null,"custom_form_layout_path":"","recieve_email":"0","recipient_email":"","auto_reply":"0","email_subject":"","message_body":"","created_at":"2017-10-30 03:39:04","created_by_id":null,"type":"Custom_Form","status":"Active","is_create_lead":"0","is_associate_lead":"0","lead_category_ids":"","formfields":[{"id":"1","custom_form_id":"1","custom_form":"Contact Form","name":"Name","type":"line","value":"","is_mandatory":"1","hint":"","placeholder":"","auto_reply":"0","save_into_field_of_lead":null},{"id":"2","custom_form_id":"1","custom_form":"Contact Form","name":"E-mail","type":"email","value":"","is_mandatory":"1","hint":"","placeholder":"","auto_reply":"0","save_into_field_of_lead":null},{"id":"3","custom_form_id":"1","custom_form":"Contact Form","name":"Subject","type":"line","value":"","is_mandatory":"0","hint":"","placeholder":"","auto_reply":"0","save_into_field_of_lead":null},{"id":"4","custom_form_id":"1","custom_form":"Contact Form","name":"Message","type":"text","value":"","is_mandatory":"1","hint":"","placeholder":"","auto_reply":"0","save_into_field_of_lead":null}]}]