[{"id":"1","template_id":null,"template":null,"parent_page_id":null,"parent_page":null,"created_by_id":null,"created_by":null,"name":"default","path":"default.html","page_title":null,"meta_kewords":null,"meta_description":null,"after_body_code":null,"is_template":"1","is_muted":null,"is_active":"1"},{"id":"2","template_id":"1","template":"default","parent_page_id":null,"parent_page":null,"created_by_id":null,"created_by":null,"name":"Home","path":"#main-header","page_title":"","meta_kewords":"","meta_description":"","after_body_code":"","is_template":"0","is_muted":"0","is_active":"1"},{"id":"3","template_id":null,"template":null,"parent_page_id":null,"parent_page":null,"created_by_id":null,"created_by":null,"name":"About","path":"#about","page_title":"","meta_kewords":"","meta_description":"","after_body_code":"","is_template":"0","is_muted":"0","is_active":"1"},{"id":"4","template_id":null,"template":null,"parent_page_id":null,"parent_page":null,"created_by_id":null,"created_by":null,"name":"Portfolio","path":"#portfolio","page_title":"","meta_kewords":"","meta_description":"","after_body_code":"","is_template":"0","is_muted":"0","is_active":"1"},{"id":"5","template_id":null,"template":null,"parent_page_id":null,"parent_page":null,"created_by_id":null,"created_by":null,"name":"Testimonial","path":"#testimonial","page_title":"","meta_kewords":"","meta_description":"","after_body_code":"","is_template":"0","is_muted":"0","is_active":"1"},{"id":"6","template_id":null,"template":null,"parent_page_id":null,"parent_page":null,"created_by_id":null,"created_by":null,"name":"Contact","path":"#contact","page_title":"","meta_kewords":"","meta_description":"","after_body_code":"","is_template":"0","is_muted":"0","is_active":"1"},{"id":"7","template_id":"1","template":"default","parent_page_id":null,"parent_page":null,"created_by_id":null,"created_by":null,"name":"test","path":"test.html","page_title":"","meta_kewords":"","meta_description":"","after_body_code":"","is_template":"0","is_muted":"0","is_active":"1"}]