[{"id":"90","template_id":null,"template":null,"parent_page_id":null,"parent_page":null,"created_by_id":"143988","created_by":"Super User","name":"default.html","path":"default.html","page_title":null,"meta_kewords":null,"meta_description":null,"after_body_code":null,"is_template":"1","is_muted":null,"is_active":"1"},{"id":"91","template_id":"90","template":"default.html","parent_page_id":null,"parent_page":null,"created_by_id":"143988","created_by":"Super User","name":"about","path":"about.html","page_title":null,"meta_kewords":null,"meta_description":null,"after_body_code":null,"is_template":"0","is_muted":null,"is_active":"1"},{"id":"92","template_id":"90","template":"default.html","parent_page_id":null,"parent_page":null,"created_by_id":"143988","created_by":"Super User","name":"agricultural-engineering","path":"agricultural-engineering.html","page_title":null,"meta_kewords":null,"meta_description":null,"after_body_code":null,"is_template":"0","is_muted":null,"is_active":"1"},{"id":"93","template_id":"90","template":"default.html","parent_page_id":null,"parent_page":null,"created_by_id":"143988","created_by":"Super User","name":"cart","path":"cart.html","page_title":null,"meta_kewords":null,"meta_description":null,"after_body_code":null,"is_template":"0","is_muted":null,"is_active":"1"},{"id":"94","template_id":"90","template":"default.html","parent_page_id":null,"parent_page":null,"created_by_id":"143988","created_by":"Super User","name":"checkout","path":"checkout.html","page_title":null,"meta_kewords":null,"meta_description":null,"after_body_code":null,"is_template":"0","is_muted":null,"is_active":"1"},{"id":"95","template_id":"90","template":"default.html","parent_page_id":null,"parent_page":null,"created_by_id":"143988","created_by":"Super User","name":"chemical","path":"chemical.html","page_title":null,"meta_kewords":null,"meta_description":null,"after_body_code":null,"is_template":"0","is_muted":null,"is_active":"1"},{"id":"96","template_id":"90","template":"default.html","parent_page_id":null,"parent_page":null,"created_by_id":"143988","created_by":"Super User","name":"contact","path":"contact.html","page_title":null,"meta_kewords":null,"meta_description":null,"after_body_code":null,"is_template":"0","is_muted":null,"is_active":"1"},{"id":"97","template_id":"90","template":"default.html","parent_page_id":null,"parent_page":null,"created_by_id":"143988","created_by":"Super User","name":"index","path":"index.html","page_title":null,"meta_kewords":null,"meta_description":null,"after_body_code":null,"is_template":"0","is_muted":null,"is_active":"1"},{"id":"98","template_id":"90","template":"default.html","parent_page_id":null,"parent_page":null,"created_by_id":"143988","created_by":"Super User","name":"material","path":"material.html","page_title":null,"meta_kewords":null,"meta_description":null,"after_body_code":null,"is_template":"0","is_muted":null,"is_active":"1"},{"id":"99","template_id":"90","template":"default.html","parent_page_id":null,"parent_page":null,"created_by_id":"143988","created_by":"Super User","name":"mechanical","path":"mechanical.html","page_title":null,"meta_kewords":null,"meta_description":null,"after_body_code":null,"is_template":"0","is_muted":null,"is_active":"1"},{"id":"100","template_id":"90","template":"default.html","parent_page_id":null,"parent_page":null,"created_by_id":"143988","created_by":"Super User","name":"news","path":"news.html","page_title":null,"meta_kewords":null,"meta_description":null,"after_body_code":null,"is_template":"0","is_muted":null,"is_active":"1"},{"id":"101","template_id":"90","template":"default.html","parent_page_id":null,"parent_page":null,"created_by_id":"143988","created_by":"Super User","name":"petrolium","path":"petrolium.html","page_title":null,"meta_kewords":null,"meta_description":null,"after_body_code":null,"is_template":"0","is_muted":null,"is_active":"1"},{"id":"102","template_id":"90","template":"default.html","parent_page_id":null,"parent_page":null,"created_by_id":"143988","created_by":"Super User","name":"power","path":"power.html","page_title":null,"meta_kewords":null,"meta_description":null,"after_body_code":null,"is_template":"0","is_muted":null,"is_active":"1"},{"id":"103","template_id":"90","template":"default.html","parent_page_id":null,"parent_page":null,"created_by_id":"143988","created_by":"Super User","name":"projects","path":"projects.html","page_title":null,"meta_kewords":null,"meta_description":null,"after_body_code":null,"is_template":"0","is_muted":null,"is_active":"1"},{"id":"104","template_id":"90","template":"default.html","parent_page_id":null,"parent_page":null,"created_by_id":"143988","created_by":"Super User","name":"services","path":"services.html","page_title":null,"meta_kewords":null,"meta_description":null,"after_body_code":null,"is_template":"0","is_muted":null,"is_active":"1"},{"id":"105","template_id":"90","template":"default.html","parent_page_id":null,"parent_page":null,"created_by_id":"143988","created_by":"Super User","name":"shop","path":"shop.html","page_title":null,"meta_kewords":null,"meta_description":null,"after_body_code":null,"is_template":"0","is_muted":null,"is_active":"1"},{"id":"106","template_id":"90","template":"default.html","parent_page_id":null,"parent_page":null,"created_by_id":"143988","created_by":"Super User","name":"single-news","path":"single-news.html","page_title":null,"meta_kewords":null,"meta_description":null,"after_body_code":null,"is_template":"0","is_muted":null,"is_active":"1"},{"id":"107","template_id":"90","template":"default.html","parent_page_id":null,"parent_page":null,"created_by_id":"143988","created_by":"Super User","name":"single-project","path":"single-project.html","page_title":null,"meta_kewords":null,"meta_description":null,"after_body_code":null,"is_template":"0","is_muted":null,"is_active":"1"},{"id":"108","template_id":"90","template":"default.html","parent_page_id":null,"parent_page":null,"created_by_id":"143988","created_by":"Super User","name":"single-shop","path":"single-shop.html","page_title":null,"meta_kewords":null,"meta_description":null,"after_body_code":null,"is_template":"0","is_muted":null,"is_active":"1"}]